source_page,embed_url,embed_domain
https://www.revitalizemedicalclinic.com/,https://www.googletagmanager.com/ns.html?id=GTM-KXP2P8VX,www.googletagmanager.com
https://www.revitalizemedicalclinic.com/about-us,https://www.googletagmanager.com/ns.html?id=GTM-KXP2P8VX,www.googletagmanager.com
https://www.revitalizemedicalclinic.com/aesthetics/fractional-laser,https://www.googletagmanager.com/ns.html?id=GTM-KXP2P8VX,www.googletagmanager.com
https://www.revitalizemedicalclinic.com/aesthetics/laser-hair-removal,https://www.googletagmanager.com/ns.html?id=GTM-KXP2P8VX,www.googletagmanager.com
https://www.revitalizemedicalclinic.com/aesthetics/microneedling,https://www.googletagmanager.com/ns.html?id=GTM-KXP2P8VX,www.googletagmanager.com
https://www.revitalizemedicalclinic.com/contact-us,https://www.googletagmanager.com/ns.html?id=GTM-KXP2P8VX,www.googletagmanager.com
https://www.revitalizemedicalclinic.com/dermal-fillers,https://www.googletagmanager.com/ns.html?id=GTM-KXP2P8VX,www.googletagmanager.com
https://www.revitalizemedicalclinic.com/facials,https://www.googletagmanager.com/ns.html?id=GTM-KXP2P8VX,www.googletagmanager.com
https://www.revitalizemedicalclinic.com/facials/aquafirme-facials,https://www.googletagmanager.com/ns.html?id=GTM-KXP2P8VX,www.googletagmanager.com
https://www.revitalizemedicalclinic.com/facials/vampire-facial,https://www.googletagmanager.com/ns.html?id=GTM-KXP2P8VX,www.googletagmanager.com
https://www.revitalizemedicalclinic.com/facials/vi-peel-facials,https://www.googletagmanager.com/ns.html?id=GTM-KXP2P8VX,www.googletagmanager.com
https://www.revitalizemedicalclinic.com/hair-restoration/regrowth-treatment,https://www.googletagmanager.com/ns.html?id=GTM-KXP2P8VX,www.googletagmanager.com
https://www.revitalizemedicalclinic.com/home,https://www.googletagmanager.com/ns.html?id=GTM-KXP2P8VX,www.googletagmanager.com
https://www.revitalizemedicalclinic.com/injectables/cellenis-derma-prp,https://www.googletagmanager.com/ns.html?id=GTM-KXP2P8VX,www.googletagmanager.com
https://www.revitalizemedicalclinic.com/injectables/prp,https://www.googletagmanager.com/ns.html?id=GTM-KXP2P8VX,www.googletagmanager.com
https://www.revitalizemedicalclinic.com/locations,https://www.googletagmanager.com/ns.html?id=GTM-KXP2P8VX,www.googletagmanager.com
https://www.revitalizemedicalclinic.com/medical-weight-loss,https://www.googletagmanager.com/ns.html?id=GTM-KXP2P8VX,www.googletagmanager.com
https://www.revitalizemedicalclinic.com/mens-health/erectile-dysfunction,https://www.googletagmanager.com/ns.html?id=GTM-KXP2P8VX,www.googletagmanager.com
https://www.revitalizemedicalclinic.com/mens-health/hormone-therapy,https://player.vimeo.com/video/679245967?h=2612cfc78a&amp;wmode=opaque,player.vimeo.com
https://www.revitalizemedicalclinic.com/mens-health/hormone-therapy,https://player.vimeo.com/video/679288098?h=df41b8ea0b&amp;wmode=opaque,player.vimeo.com
https://www.revitalizemedicalclinic.com/mens-health/hormone-therapy,https://www.googletagmanager.com/ns.html?id=GTM-KXP2P8VX,www.googletagmanager.com
https://www.revitalizemedicalclinic.com/neuromodulator-treatments,https://www.googletagmanager.com/ns.html?id=GTM-KXP2P8VX,www.googletagmanager.com
https://www.revitalizemedicalclinic.com/payment-plans,https://www.googletagmanager.com/ns.html?id=GTM-KXP2P8VX,www.googletagmanager.com
https://www.revitalizemedicalclinic.com/rebuildmetabolichealth,https://www.googletagmanager.com/ns.html?id=GTM-KXP2P8VX,www.googletagmanager.com
https://www.revitalizemedicalclinic.com/rebuildmetabolichealth/https/rebuildmetabolichealthcom/blog,https://www.googletagmanager.com/ns.html?id=GTM-KXP2P8VX,www.googletagmanager.com
https://www.revitalizemedicalclinic.com/schedule-appointment-today,https://www.googletagmanager.com/ns.html?id=GTM-KXP2P8VX,www.googletagmanager.com
https://www.revitalizemedicalclinic.com/store,https://www.googletagmanager.com/ns.html?id=GTM-KXP2P8VX,www.googletagmanager.com
https://www.revitalizemedicalclinic.com/thank-you,https://www.googletagmanager.com/ns.html?id=GTM-KXP2P8VX,www.googletagmanager.com
https://www.revitalizemedicalclinic.com/thank-you-for-contacting,https://www.googletagmanager.com/ns.html?id=GTM-KXP2P8VX,www.googletagmanager.com
https://www.revitalizemedicalclinic.com/thank-you-so-much,https://www.googletagmanager.com/ns.html?id=GTM-KXP2P8VX,www.googletagmanager.com
https://www.revitalizemedicalclinic.com/wellness/fat-dissolving-injections,https://www.googletagmanager.com/ns.html?id=GTM-KXP2P8VX,www.googletagmanager.com
https://www.revitalizemedicalclinic.com/wellness/iv-hydration-therapy,https://www.googletagmanager.com/ns.html?id=GTM-KXP2P8VX,www.googletagmanager.com
https://www.revitalizemedicalclinic.com/wellness/light-stemtherapy,https://www.googletagmanager.com/ns.html?id=GTM-KXP2P8VX,www.googletagmanager.com
https://www.revitalizemedicalclinic.com/womans-health/hormone-therapy,https://player.vimeo.com/video/679245967?h=2612cfc78a&amp;wmode=opaque,player.vimeo.com
https://www.revitalizemedicalclinic.com/womans-health/hormone-therapy,https://player.vimeo.com/video/679288098?h=df41b8ea0b&amp;wmode=opaque,player.vimeo.com
https://www.revitalizemedicalclinic.com/womans-health/hormone-therapy,https://www.googletagmanager.com/ns.html?id=GTM-KXP2P8VX,www.googletagmanager.com
https://www.revitalizemedicalclinic.com/womans-health/o-shot,https://www.googletagmanager.com/ns.html?id=GTM-KXP2P8VX,www.googletagmanager.com
https://www.revitalizemedicalclinic.com,https://www.googletagmanager.com/ns.html?id=GTM-KXP2P8VX,www.googletagmanager.com
https://www.revitalizemedicalclinic.com/about-us-1,https://www.googletagmanager.com/ns.html?id=GTM-KXP2P8VX,www.googletagmanager.com
https://www.revitalizemedicalclinic.com/services,https://www.googletagmanager.com/ns.html?id=GTM-KXP2P8VX,www.googletagmanager.com
https://www.revitalizemedicalclinic.com/health-and-hormones,https://www.googletagmanager.com/ns.html?id=GTM-KXP2P8VX,www.googletagmanager.com
https://www.revitalizemedicalclinic.com/injectables,https://www.googletagmanager.com/ns.html?id=GTM-KXP2P8VX,www.googletagmanager.com
https://www.revitalizemedicalclinic.com/contact,https://www.googletagmanager.com/ns.html?id=GTM-KXP2P8VX,www.googletagmanager.com
https://www.revitalizemedicalclinic.com/cart,https://www.googletagmanager.com/ns.html?id=GTM-KXP2P8VX,www.googletagmanager.com
https://www.revitalizemedicalclinic.com/rebuildmetabolichealth?author=6657e486277a9332cfbeaafa,https://www.googletagmanager.com/ns.html?id=GTM-KXP2P8VX,www.googletagmanager.com
https://www.revitalizemedicalclinic.com/schedule-appointment-today?utm_source=chatgpt.com,https://www.googletagmanager.com/ns.html?id=GTM-KXP2P8VX,www.googletagmanager.com
